{"cameraMode":{"drawMode":0,"name":"Shaded","section":"Shading Mode"},"sceneLighting":true,"audioPlay":false,"sceneViewState":{"showFog":true,"showMaterialUpdate":false,"showSkybox":true,"showFlares":true,"showImageEffects":true,"showParticleSystems":true},"in2DMode":false,"pivot":{"x":208.98675537109376,"y":99.6741714477539,"z":236.79928588867188},"rotation":{"x":0.002588902600109577,"y":-0.9942798614501953,"z":0.030817139893770219,"w":0.10549331456422806},"size":58.67445373535156,"orthographic":false}