{"cameraMode":{"drawMode":0,"name":"Shaded","section":"Shading Mode"},"sceneLighting":true,"audioPlay":false,"sceneViewState":{"showFog":true,"showMaterialUpdate":false,"showSkybox":true,"showFlares":true,"showImageEffects":true,"showParticleSystems":true},"in2DMode":false,"pivot":{"x":263.4525451660156,"y":32.68479919433594,"z":307.33514404296877},"rotation":{"x":0.2570156157016754,"y":0.7427252531051636,"z":-0.4745101034641266,"w":0.3975994884967804},"size":30.38679313659668,"orthographic":false}