{"cameraMode":{"drawMode":0,"name":"Shaded","section":"Shading Mode"},"sceneLighting":true,"audioPlay":false,"sceneViewState":{"showFog":true,"showMaterialUpdate":false,"showSkybox":true,"showFlares":true,"showImageEffects":true,"showParticleSystems":true},"in2DMode":false,"pivot":{"x":159.88067626953126,"y":260.7414855957031,"z":219.5597686767578},"rotation":{"x":-0.32140982151031496,"y":0.48899999260902407,"z":-0.20008006691932679,"w":-0.7860531210899353},"size":535.1431274414063,"orthographic":false}