{"cameraMode":{"drawMode":0,"name":"Shaded","section":"Shading Mode"},"sceneLighting":true,"audioPlay":false,"sceneViewState":{"showFog":true,"showMaterialUpdate":false,"showSkybox":true,"showFlares":true,"showImageEffects":true,"showParticleSystems":true},"in2DMode":false,"pivot":{"x":311.0462646484375,"y":180.14927673339845,"z":367.52618408203127},"rotation":{"x":-0.008291663601994515,"y":0.9387854933738709,"z":-0.34410107135772707,"w":-0.024677976965904237},"size":348.30987548828127,"orthographic":false}