{"cameraMode":{"drawMode":0,"name":"Shaded","section":"Shading Mode"},"sceneLighting":true,"audioPlay":false,"sceneViewState":{"showFog":true,"showMaterialUpdate":false,"showSkybox":true,"showFlares":true,"showImageEffects":true,"showParticleSystems":true},"in2DMode":false,"pivot":{"x":296.6074523925781,"y":8.14666748046875,"z":321.35028076171877},"rotation":{"x":0.24581432342529298,"y":0.3066553771495819,"z":-0.08229783177375794,"w":0.9158804416656494},"size":227.85595703125,"orthographic":false}