{"cameraMode":{"drawMode":0,"name":"Shaded","section":"Shading Mode"},"sceneLighting":true,"audioPlay":false,"sceneViewState":{"showFog":true,"showMaterialUpdate":false,"showSkybox":true,"showFlares":true,"showImageEffects":true,"showParticleSystems":true},"in2DMode":false,"pivot":{"x":255.1053466796875,"y":152.09193420410157,"z":157.52066040039063},"rotation":{"x":-0.09676121175289154,"y":-0.8629170060157776,"z":0.1801014542579651,"w":-0.4630466401576996},"size":0.07305169105529785,"orthographic":false}