{"cameraMode":{"drawMode":0,"name":"Shaded","section":"Shading Mode"},"sceneLighting":true,"audioPlay":false,"sceneViewState":{"showFog":true,"showMaterialUpdate":false,"showSkybox":true,"showFlares":true,"showImageEffects":true,"showParticleSystems":true},"in2DMode":false,"pivot":{"x":172.09170532226563,"y":22.58258056640625,"z":207.0997314453125},"rotation":{"x":0.14034195244312287,"y":-0.8567945957183838,"z":0.31149449944496157,"w":0.38666072487831118},"size":622.0604858398438,"orthographic":false}