{"cameraMode":{"drawMode":0,"name":"Shaded","section":"Shading Mode"},"sceneLighting":true,"audioPlay":false,"sceneViewState":{"showFog":true,"showMaterialUpdate":false,"showSkybox":true,"showFlares":true,"showImageEffects":true,"showParticleSystems":true},"in2DMode":false,"pivot":{"x":151.7722930908203,"y":73.84002685546875,"z":327.0905456542969},"rotation":{"x":0.07233520597219467,"y":-0.2891041934490204,"z":0.022879891097545625,"w":0.9545903205871582},"size":529.5527954101563,"orthographic":false}